,X12671_rna1_at,U64444_at,U79262_at,HG4541-HT4946_s_at,M21142_cds2_s_at,X78136_at,D26598_at,HG658-HT658_f_at,X76013_at,X71428_at,HG1515-HT1515_f_at,U68105_s_at,L25080_at,J04988_at,D13146_cds1_at,U37690_at,X57152_rna1_s_at,M30448_s_at,J03592_at,U44839_at,M23613_at,X60489_at,X00351_f_at,HG2815-HT2931_at,M14483_rna1_s_at,Z49148_s_at,HG662-HT662_at,U00947_s_at,X52966_at,U43901_rna1_s_at,M34182_at,D78361_at,HG311-HT311_at,S82297_at,X80909_at,U14971_at,U58682_at,D49824_s_at,X01677_f_at,M13934_cds2_at
ALL-B-1,3.76581751530992,2.98000337158375,2.9712758487381,3.44185217577329,4.08239037758172,3.79462744466451,3.2464985807958,4.20411998265592,2.96567197122011,3.6662370958958,3.4399639359209,3.36530074863799,3.79077760133769,3.75876054390998,3.30319605742049,3.15350998930084,3.2169572073611,3.22711508258912,3.77136697085778,3.59273176639396,3.89899927088979,3.48614699680657,4.20411998265592,3.90173069172922,4.13430463495454,4.01456253812761,3.67246731306808,3.74460587541424,3.7383047930741,4.20411998265592,3.54555450723406,4.07751325149766,3.84646082512933,4.20411998265592,3.76290352849906,4.1117328566111,3.97155415344606,4.20411998265592,4.10954480087835,4.08739094499719
ALL-T-1,3.43616264704076,2.6954816764902,2.80345711564841,3.10140335055533,3.38578495884334,3.70466518545453,3.22865695810893,4.20411998265592,3.20574554094266,3.37584643630916,3.6097011023794,3.76230336328777,3.67988194211286,3.80976166510712,2.89762709129044,3.16196661636407,3.28103336724773,3.48330195235817,3.7900739484263,3.66294661433262,3.84608958035798,3.82704601700473,3.97767788767399,3.64394591274807,3.87168966568552,4.12752592458769,3.57806588383609,3.8059084550742,3.85351569675693,4.20411998265592,3.54145442874759,3.78795612328393,3.76737852411418,4.05982838164098,3.85703079827262,3.90173069172922,3.90649665979935,4.20411998265592,4.20411998265592,4.1881688585867
ALL-T-2,3.8178957571618,3.03822263836872,2.83314711191278,3.45863784902565,3.92987852365678,3.93033763573773,3.21932250841934,4.20411998265592,3.24919835739111,3.61108573341487,3.62603224782902,3.68033551341456,3.71197585435176,3.88092786526708,3.34713478291002,3.18639121569549,3.40959501939682,3.37088301677761,3.94527158150771,3.60724050383174,3.80311555489003,3.75342984157542,4.20411998265592,3.71180722904119,4.18574041757496,4.18943416340103,3.79927160834987,4.02926199580418,3.69442969095708,4.12972210869588,3.4222614508136,4.14210777173131,3.86805636182304,4.19484721963144,3.77677380241211,3.84689354331662,3.9029813997975,4.20411998265592,4.20411998265592,4.13902854748568
ALL-B-2,3.67559505638675,2.84695532501982,2.82736927305382,3.19173039336286,3.66388929862266,3.71466499286254,3.38003024796783,4.01338501774968,3.19033169817029,3.48315920971698,3.4437322414016,3.5762261374496,3.53567380342575,3.70053065697859,3.19975517725347,3.28891960566173,3.17055505852121,3.33645973384853,3.92225822343297,3.46923274250661,3.97859132682007,3.86693681773164,4.04618289074088,3.99228835379709,3.81464706945186,4.20411998265592,3.79567150594602,3.83619748077892,3.77070476821578,4.05929829240807,3.3701428470511,4.20065901625172,3.78096502960832,4.20411998265592,3.70104963072914,4.1271696135999,4.03055924529116,4.20411998265592,4.20411998265592,4.17283636012271
ALL-B-3,3.87558210432789,3.03100428136354,3.03622954408629,3.43280900503317,3.97932069738202,3.80719666071095,3.4970679363985,4.17122899672505,3.44466923093852,3.45499721730946,3.76342799356294,3.79140991566716,3.90167623132638,4.03394620299036,3.44420098886416,3.36455099535397,3.48215869541128,3.48770386316373,4.0277979433503,3.852418992937,4.15648857605002,4.10099052306996,4.20411998265592,4.08546896988667,3.9057419273916,4.20411998265592,3.97132224524281,4.03330310137257,4.05963913832372,4.20411998265592,3.48015072527328,4.1391546584069,4.03051876484354,3.93094903116752,3.96066100727098,4.0752549005329,4.1197835861617,4.20411998265592,4.10353006342837,4.19659065411731
ALL-T-3,3.73583833431707,3.00302947055362,2.9731278535997,3.53744128340795,3.77473588255175,3.63447727016073,3.36153897126928,4.15932652019787,3.04453976039241,3.68636810347304,3.48172919696002,3.57112627708431,3.83327463929056,3.90325281689396,3.27323283404305,3.17464119266045,3.13353890837022,3.36995760734605,3.84553211749358,3.83442070368153,3.94240494085611,3.87995558512275,4.20411998265592,3.8670548004767,4.20411998265592,4.13267584909296,3.79441833087414,3.83569057149242,3.32469391386177,4.20411998265592,3.65906007224094,3.97400479689741,3.86350130064145,4.14711957602196,3.74452767347257,4.00302947055362,4.03189298771047,4.20411998265592,4.20411998265592,4.2029240276378
ALL-B-4,3.76841608821633,2.88024177589548,2.95568775031351,3.19700472802305,3.98177331862775,3.72900270927219,3.28690535297237,3.86326336365048,3.41962536088774,3.57403126772772,3.59339684230021,3.68681495450732,3.86177329671869,3.80126647048962,3.19312459835446,3.2718416065365,3.39462676427221,3.51785541893003,4.20126053225079,3.49941212567228,4.01573687447745,3.74826557266874,4.15146178712433,3.81584329066327,4.20411998265592,4.20068637596962,3.75411889422541,3.80332052357875,3.90976991473277,4.14085358132272,3.27508089845686,4.15503222879097,3.85931846509712,4.09496000243667,3.88778603483837,4.15760785336167,4.14869517928507,4.20411998265592,4.20411998265592,4.20411998265592
ALL-B-5,3.62117628177503,2.73878055848437,2.92116605063774,3.3070679506613,3.80604423574809,3.57333584006607,3.19312459835446,3.84292112075998,3.19033169817029,3.36398782974849,3.51468054412498,3.57703198562603,3.51174971134498,3.51441492058037,3.2817149700273,3.32139127831169,3.36530074863799,3.37602918172818,3.44043676610577,3.45301239112145,3.78738962135211,3.71633728788955,4.20411998265592,3.96255873579596,4.02052701227456,4.16001809600668,3.63658818372984,3.71991106419834,3.93389203576421,4.19284611518884,3.20547503674089,4.16247479043812,3.76715586608218,4.20411998265592,3.71708772492702,3.97909290063833,3.96018527660461,4.20411998265592,4.20411998265592,4.13849216714998
ALL-T-4,3.77778918743487,2.99431715266964,3.04218159451577,3.23754373814287,3.99365662861546,3.68565218411552,3.44232295574557,4.13570497012672,3.23375736296551,3.73231332747124,3.46478751964594,3.45086469237977,3.68699356626468,3.59150980899465,3.26857797188284,3.20897851727625,3.43328968519503,3.29336255471145,3.9565045903167,3.45697301363582,3.83103748564002,3.54381980514266,4.20411998265592,3.92469270302019,4.20411998265592,4.08810063464266,3.65127801399814,3.86266795022859,3.86338234844079,4.20411998265592,3.19284611518884,4.20411998265592,3.87203966797329,4.20411998265592,3.82542611776782,3.97113662947681,4.02861191506623,4.20411998265592,4.20411998265592,4.11918988206117
ALL-T-5,3.65137494391304,2.93550726582471,2.85733249643127,3.17926446433903,3.74803289413014,3.4111144185509,3.02489596010748,3.97909290063833,3.23375736296551,3.42716140292597,3.75785134368558,3.60895369927586,3.68886456805479,3.98340073818054,3.24821856119007,3.22608411597582,3.2523675144599,3.45270622651103,4.01619735351244,3.38827886345964,3.87880893235921,3.75526489141225,4.14813973650122,3.6232492903979,4.03253817926001,4.20411998265592,3.75792718311333,3.8294324336176,3.85247999363686,4.20411998265592,3.3654879848909,4.03714750363255,3.96094619573383,4.10734566547209,3.93741758147714,4.20411998265592,4.17277801465585,4.20411998265592,4.20411998265592,4.18309894010013
ALL-T-6,3.54654266347813,2.66838591669,2.88986172125819,2.97543180850926,3.87765924411161,3.57124285056022,3.21906033244886,4.20411998265592,3.223236273103,3.36511343162758,3.56572978783113,3.46239799789896,3.57863920996807,3.63788981658079,3.16166741243774,3.12417805547468,3.37162192717602,3.31597034545692,4.07834804955536,3.51759173071191,3.76380222407459,3.57611089412084,4.15956719323362,3.61193562504012,4.04489238347436,4.19791430331842,3.66086547800387,3.64875021269802,3.67191301244159,4.20411998265592,3.17811325231463,4.03638932866569,3.76275356493337,4.20411998265592,3.68824179597771,3.98154680504524,3.94723760787067,4.20411998265592,4.20411998265592,4.13738576433397
ALL-B-6,3.70535046288571,2.79028516403324,2.84323277809801,3.32159843046534,3.99387691494121,3.59050746200858,3.16672605558005,3.75996985755431,3.2692793897719,3.48628876096057,3.50324577146511,3.66614342729156,3.65485009056139,3.69486832798246,3.06707085604537,3.10209052551184,3.2211533219547,3.34947179921439,3.99047205352562,3.38471174293828,4.02694162795903,3.73735169580371,4.06197994707488,3.81590965088677,4.20411998265592,4.05671432951639,3.71163853823235,3.74896286125616,3.84173477897474,4.20411998265592,3.41027096425218,4.07382828440111,3.83683028648888,4.18799987240484,3.80195223485428,3.97598294371255,4.05045709478573,4.19273467190316,4.14875685132179,4.20411998265592
ALL-B-7,3.74958173486556,2.97358962342726,2.8234742291703,3.22167499707077,3.97708312031585,3.80482067872116,2.92890769024395,4.20411998265592,3.24919835739111,3.61235994796777,3.55388302664387,3.66539335027971,3.70165431732575,3.79865064544527,3.25285303097989,3.06258198422816,3.23502315949522,3.53655844257153,3.9564565834099,3.50379068305718,3.9795028487874,3.83206161459073,4.20411998265592,3.68349731767981,3.90794852161227,4.20411998265592,3.87817698049151,3.74491854244135,3.99171327571309,4.20411998265592,3.37180645850742,3.93257522349829,3.93409426835548,4.02918078890755,3.89231726072248,4.14245204006634,4.08710674409909,4.20411998265592,4.01389006032844,4.20411998265592
ALL-T-7,3.86811520532722,3.10209052551184,2.83632411570675,3.3809344633307,3.95240493957702,3.91692746611299,3.23502315949522,4.03706775804256,3.32469391386177,3.65829765030819,3.51560894923448,3.73471984165568,3.87069645798925,3.91965328231036,3.16820274684263,3.10957854690439,3.26693691115917,3.49401537475714,4.04099769242349,3.55557807277295,4.02885580939044,3.8494194137969,4.13494171073536,3.98944981766669,4.03854068633746,4.15899537684831,3.84110908446815,3.94334609835659,3.89597473235906,4.18867542296983,3.4367985102318,4.07088714401854,3.9235030669421,4.10581663743369,3.88201196162666,4.04202392724887,4.04813092702897,4.20411998265592,4.1012313867907,4.18095695133407
ALL-B-8,3.90129481716557,3.01870049866624,3.00259798071991,3.43312951758049,3.79789048305835,3.9048777669634,3.37839790094814,4.10421388419932,3.60075514963962,3.63245729218472,3.85539799665407,3.91555811541152,3.9451730461739,3.94772772696332,3.37493155397819,3.17347764345299,3.52139962811537,3.65896484266443,4.20411998265592,3.42975228000241,4.16055856210756,3.96562496710924,4.20411998265592,3.83084519230861,4.19038773255291,4.20411998265592,3.84460141962635,3.99091575450608,3.98000337158375,4.19915157120509,3.33081946649584,4.11048869983667,4.04789762351441,4.03237697120994,3.96899632664831,4.13436838460338,3.99843371886447,4.20411998265592,4.20411998265592,4.1965077919397
ALL-B-9,3.828337600059,2.96142109406645,2.96614173273903,3.2559957267224,3.89304011195712,3.91444894069855,3.3583156400822,4.11233683574532,3.37199091146491,3.6736658762457,3.89888965592659,3.89531202447579,3.97238799910747,4.08578989032799,3.35198945543563,3.33765889102614,3.40243334621931,3.6220066730068,4.08986980150955,3.66661156841903,4.16381709389932,3.94571471405986,4.20411998265592,4.01233095558015,4.0836817472743,4.18055594070364,3.94640313389905,3.97150778171126,3.98569585968984,4.20411998265592,3.36492603378998,4.03654905447915,4.05207803048417,3.89828627858912,3.99686176849067,4.15893514182992,4.01283722470517,4.20411998265592,4.13238778110605,4.18904090790901
ALL-B-10,3.82698133691199,3.00259798071991,2.70757017609794,3.27438879555038,4.07660403858361,3.93540648975235,3.17114115102838,4.12031064263646,3.34004731766139,3.50338206347373,3.60357736815147,3.77553763478096,3.86646456597174,3.76079931163072,3.23678909940929,2.88252453795488,3.23779499327392,3.5280163411892,4.02571538390134,3.46568021159828,3.81077001123436,3.86081696386454,4.20411998265592,4.02077548819356,4.02804229509075,4.20411998265592,3.59139855128125,3.9183973388437,3.85107480522889,4.00363283700441,3.35353155907776,3.96454246607914,3.91996670148339,4.20411998265592,3.82425603762968,4.04131371534586,3.92778084934737,4.20411998265592,4.20411998265592,4.20411998265592
ALL-B-11,3.63154522783431,2.82216807936802,2.83314711191278,3.38219721037745,3.51851393987789,3.84010609445676,3.21537315278342,3.77517338542479,3.32674537956532,3.47392469341616,3.4437322414016,3.47494433546539,3.48115587082803,3.76982025776359,3.05307844348342,3.21218760440396,3.27392678010052,3.63427569462594,3.96820266814285,3.60411800619203,3.89806666064163,3.74460587541424,4.20411998265592,3.81378107817408,4.12388429346001,4.20411998265592,3.66959578102431,3.67163559660213,3.83231726992226,4.20411998265592,3.41346741298582,4.07364504551315,3.7041505168398,4.0671824855234,3.72908375704361,4.07151380509509,4.05629488707623,4.20411998265592,4.20411998265592,4.20411998265592
ALL-B-12,3.68160299873087,2.7664128471124,2.80482067872116,3.15654915133178,3.82723999950564,3.72965066833592,3.1044871113124,3.8560639533331,3.17405980772503,3.3982873053574,3.38471174293828,3.49913699453738,3.50419891853944,3.5946135091601,3.40807028588718,3.21537315278342,3.08457627793433,3.27276958655176,3.67860941655893,3.60108172778402,3.79560197989418,3.65253641859303,4.07029651819776,3.7849737099544,3.95221105810867,4.12658592795434,3.49886168899288,3.80712895559242,3.55714614231836,4.20411998265592,3.37548071461857,3.88682900467698,3.71222866961954,4.20411998265592,3.63052957142682,3.96618868095614,4.00091106213122,4.20411998265592,4.18375370559296,4.10903829557438
ALL-B-13,3.47957531017499,2.84073323461181,2.73479982958885,3.29710365014926,3.85678928875332,3.70850588095524,3.31026836663245,4.20411998265592,3.40551710697638,3.34301449715077,3.26363606858811,3.31722734917642,3.65311599316557,3.3220124385824,3.228400358703,2.94645226501307,3.41279642871654,3.27783833300205,3.76551954309795,3.60895369927586,3.48387245422267,3.57356777303922,4.20411998265592,3.91808278464219,4.11048869983667,4.20411998265592,3.21590181320403,3.51134851549021,3.81117269506655,4.05254004593402,3.32878720035453,3.75104803482019,3.72940779696307,4.20411998265592,3.50133317864557,3.3914644118391,3.80875097234959,4.20411998265592,4.20411998265592,3.9120625555885
ALL-B-14,3.41979058610636,2.75739602879302,2.72835378202123,3.07809415040641,3.42094540592197,3.52179164963912,3.49220145139254,3.97749496907304,3.29863478312444,3.41229250932305,3.58681226944338,3.8555191556678,3.75273969393533,3.39689644914252,3.32551566336315,3.64943222324162,3.13830269816628,3.23426412437879,4.14674801363064,3.45377685969044,3.53920159929413,3.95822931418838,3.80888586735981,4.12577394985088,3.36772854608698,4.20411998265592,3.72713442376049,3.25983269906348,4.13270784485545,4.20411998265592,3.39480177716271,4.20411998265592,3.94403828005442,4.01820102249629,3.90189403197382,4.20411998265592,4.16776026643563,4.15305227506711,4.20411998265592,4.20411998265592
ALL-B-15,3.8213824997473,3.12385164096709,2.91645394854992,3.41863268735407,4.04206334943216,3.96411814315148,3.18127177155946,4.12778487636217,3.32939787936104,3.71113207230684,3.62910365017714,3.77988496319264,3.70833590268226,3.86308482532036,3.33645973384853,3.16554107672237,3.17260293120986,3.49899936358015,4.02366391819779,3.72304499164344,4.00586660187538,3.80989624660244,4.20411998265592,3.9685763351755,4.20411998265592,4.17923572119848,3.84179729887436,3.95090008936639,4.0361895887542,4.20411998265592,3.5232260419657,4.148510110611,3.93348728784871,4.04665121697092,3.91307174030925,4.15387581367898,3.99830294009854,4.20411998265592,4.20411998265592,4.20411998265592
ALL-T-8,3.77298145034496,2.85973856619715,2.74741180788642,3.3541084391474,3.97150778171126,3.83148583924866,3.05994188806195,3.84029433161144,3.16435285578444,3.55412558151301,3.65906007224094,3.64068015327766,3.53262700122889,3.73735169580371,3.19256745333655,3.24625231229932,3.28555730900777,3.42061577062576,3.89242854694523,3.65021035466036,3.82039852270398,3.72948876917956,3.96510758584906,3.72851610475977,3.90987681799039,4.20411998265592,3.72476724564631,3.88258145355445,4.02156139203735,4.19642491394919,3.46952747918701,3.88834801017805,3.84016884924076,4.20411998265592,3.80685802951882,4.04312639796723,4.04692417423003,4.20411998265592,4.20411998265592,4.20411998265592
ALL-B-16,3.76327821101898,2.8481891169914,2.85308952985187,3.42488163663107,4.01228873983461,4.0011710149414,3.08778141780954,4.13570497012672,3.32325210017169,3.3982873053574,3.64748077317368,3.74012573696573,3.77210156927701,3.80976166510712,3.24870873560092,3.31005573775089,3.44746813094976,3.53083977861652,4.0456749667691,3.64345267648619,3.79462744466451,3.92665107708889,4.20411998265592,3.80379840798967,4.10832819426618,4.20411998265592,3.82013575187043,3.89735213434431,4.00983317860856,4.20411998265592,3.44043676610577,4.13190724277439,4.01021512521423,3.94408767941543,3.9579423354454,4.19159072637921,4.08887995610805,4.20411998265592,4.19780415317341,4.20411998265592
ALL-B-17,3.84714061741341,2.87737134586977,2.87448181769947,3.4360035356699,3.77290819497127,4.08019341942848,3.34281731463573,3.87702561586725,3.23248786635299,3.5487578285737,3.51241754860084,3.54468802230268,3.83537345247001,3.89142594284799,3.25527250510331,3.44357587975026,3.16820274684263,3.47871075551276,3.99488879536491,3.5584685625238,3.93013364584112,3.88722333136252,4.20411998265592,4.17166795887479,4.11277252110537,4.18072784774451,3.65369479531508,3.87192303188237,3.70560716340461,4.08771044886063,3.48415742436538,4.17983892802319,3.72867836685091,4.18483333393335,3.96665788420176,4.04442215571184,3.90428265764563,4.20411998265592,4.20411998265592,4.13427275662063
ALL-B-18,3.64483232882564,2.57863920996807,2.85430604180108,3.33625955201419,3.60303605625052,3.75189468804375,2.98855895687862,3.62179922400267,3.32837960343874,3.3070679506613,3.58793534863636,3.71941415970259,3.2513948500401,3.8710472613055,3.1861083798132,3.15198239545747,3.11427729656159,3.56181666431896,3.96473092105363,3.39794000867204,3.90751884610663,3.95269559958692,4.19005141775921,3.70517924487368,3.96618868095614,4.20411998265592,3.6570558528571,3.7592900330243,3.80208925788173,4.20411998265592,3.36995760734605,4.02147873225753,3.75625564875423,4.14232688315426,3.79133970396514,4.09725730969342,4.00060758706289,3.99069396067975,4.20411998265592,4.16022835719786
ALL-B-19,3.40483371661994,2.73798732633343,2.96284268120124,3.1914510144649,3.39199307225971,3.72786644946749,3.12839926871781,4.14587979647062,3.13353890837022,3.33945144130644,3.27806733088866,3.41995574848976,3.58871977960006,3.61878002450621,3.34556975605639,3.28035069304601,2.83632411570675,3.33203427702752,3.79155030502733,3.59350758933176,3.64177147065396,3.54924855685406,4.20411998265592,3.99629271854132,3.82795052830263,4.09892047872233,3.4714384073893,3.5358002908249,3.56808433131539,3.90671205694296,3.54961623951908,4.02966780267532,3.52750101098112,4.20411998265592,3.57818060962778,3.73751069067348,3.67559505638675,4.20411998265592,4.20411998265592,4.13902854748568
AML-1,3.73150818359603,2.78461729263288,2.83569057149243,3.33000770087276,3.73774907389156,3.9304395947667,3.20709554041922,3.92184248140586,3.22089224921952,3.48043814717782,3.37511468469222,3.60713320439157,3.47928731647617,3.60271094495756,3.02160271602824,3.21058602490516,3.03582982525283,3.38435341413751,3.27091163941048,3.44404479591808,3.87569776198021,3.88603927556644,4.20411998265592,3.73687436164842,3.96217985290877,4.15766827273877,3.51745982654023,3.80895329915591,3.7996162044815,4.13155450976124,3.48855071650044,4.0097907193543,3.44451320633404,4.20205216891206,3.86171358757143,3.98013977774575,3.92916338320506,4.20411998265592,4.20411998265592,4.20411998265592
AML-2,3.6564815157905,2.89817648349768,2.81424759573192,3.498448403174,3.86905561870191,3.8161749904288,2.93247376467715,4.20327772089242,3.21827285357145,3.61140463771159,3.47914324797861,3.49512788124293,3.76551954309795,4.02354052155485,3.28330122870355,3.19975517725347,3.03542973818455,3.70509361054787,3.60724050383174,3.61468634228201,3.48939592172713,3.90433679220249,4.20411998265592,3.85600345399722,3.858897957232,4.14238946611884,3.70637635583969,3.80482067872116,3.68886456805479,3.9967742708613,3.58849580100721,3.98864812523575,3.71541832259506,4.20411998265592,3.75204844781944,4.0350693444211,3.84391763800639,4.20411998265592,4.20411998265592,3.96430678230394
AML-3,3.69931730102138,2.90794852161227,2.7481880270062,3.27531135454181,3.66105508485338,3.65263306808311,3.13576851456782,4.07711343230376,3.26030994579492,3.41396997174806,3.51745982654023,3.61214783832649,3.60379370413696,3.84825071467704,3.12936759572299,3.23172438332852,3.23477029516092,3.53769319436739,4.12486272842306,3.39040515648008,3.90687353472207,3.91860691514498,4.20411998265592,3.96759477267189,4.13293174921491,4.20411998265592,3.69749088717106,3.78490244988665,3.99502060612476,4.19359761029809,3.45163294745699,4.01220429603074,3.90390352669016,3.9866821797795,3.92246594529841,4.12385164096709,4.10595276923698,4.20411998265592,4.20411998265592,4.20411998265592
AML-4,3.81796180453199,2.86805636182304,2.74350976472843,3.23854788768133,3.87087189506774,3.69346312721953,3.35907622605926,3.96529579581166,3.38827886345964,3.47538059314336,3.58353881925435,3.7070589406276,3.53135116458306,3.81868766344151,3.08742645703629,3.27300127206374,3.2464985807958,3.49485002168009,4.00138752348664,3.35583449588494,4.06926098628475,3.87995558512275,4.16467994075426,3.97977593272969,4.04194507214526,4.20411998265592,3.65513843481138,3.86975959478241,3.93896979722289,4.13611784289648,3.30081279411812,3.95837273247861,3.96151601144895,4.20411998265592,3.80263691808281,4.01380592734059,3.96782867933016,4.20411998265592,4.20008406366215,4.20411998265592
AML-5,3.64137494519212,3.01325866528352,2.78175537465247,3.40705081480425,3.88963780040667,3.71617034785985,3.42390091852842,4.09999123354468,3.41614103116833,3.63498080005123,3.54369563230924,3.92360664301746,3.97057930571485,3.85539799665407,3.23426412437879,3.4072208929274,3.31217735643978,3.46686762035411,4.18230049959334,3.58759872972124,3.81197694433695,3.92132224358382,4.20411998265592,4.05861579701056,3.910197369966,4.20411998265592,3.79712898779655,3.83524653999631,3.84248442441157,4.19761132316971,3.56714404519566,4.20411998265592,3.91524149730619,3.98524679080286,3.97132224524281,4.07294803179289,3.97234171632575,4.20411998265592,4.15627649600302,4.19175832137045
AML-6,3.45347123372294,2.97680833733807,2.94890176097021,3.40105572577184,3.70884563804818,3.54937115233318,3.21827285357145,4.18785900034096,3.44762309776029,3.78511619502192,3.14983469671578,3.7093547758344,3.602168551379,3.88366143515362,3.19423674872383,3.2718416065365,3.16849748352303,3.39058187855043,3.78376069574392,3.92906112408477,3.9635517335741,3.86039790512731,3.9227773419288,3.69407846208076,3.59417147911491,4.20411998265592,3.70096317815955,3.62252486240357,3.72932680964686,3.78929861115944,3.83174183364564,4.12551379590411,3.70697367617618,3.87087189506774,3.68106024363181,4.20411998265592,3.32118402730231,4.20411998265592,4.20411998265592,4.20411998265592
AML-7,3.31848072517452,2.92427928606188,2.97405090279288,3.18695633546541,3.64591327503384,3.60336092434838,3.41329976408125,4.02649240705284,3.29819786710982,3.48671377598249,3.41630758705988,3.78232926899684,3.76937732607614,3.57356777303922,3.15228834438306,3.34380233316165,3.19865708695442,3.2148438480477,3.98209023929579,3.57564961475522,3.72427586960079,3.61521333480136,4.14612803567824,3.93981866282138,3.63154522783431,4.11770206120931,3.67806290497434,3.61888448499545,3.69966432020237,3.7976829349149,3.55230310933835,4.20411998265592,3.73814608871206,4.20411998265592,3.79747528753733,3.88744850024995,3.96792220673052,4.20411998265592,4.07921743574657,4.20411998265592
AML-8,3.52556305827007,2.99782308074573,3.00560944536028,3.34537373055909,4.05534009954418,3.878406887581,3.0884904701824,4.16064857443616,3.32715451240943,3.66567478099389,3.45163294745699,3.75526489141225,3.89658132750573,3.65156873886579,3.36977228859696,3.17318626841227,3.39164070349239,3.43216726944259,3.9832202146481,3.68295692630121,3.97584522546757,3.86899690248713,4.20411998265592,4.02354052155485,4.20411998265592,4.14448080090275,3.67824515192704,3.87760167972927,3.94939000664491,4.20411998265592,3.4667193716816,3.9948008992946,3.87846434534147,3.98730867373118,3.90832413927618,4.08432599501683,4.06933503478994,4.20411998265592,4.13896547828983,4.14946545099545
AML-9,3.75189468804375,2.99431715266964,2.83884909073725,3.3654879848909,3.97048634884765,3.90270981296988,3.33945144130644,4.13627653566029,3.26126286879249,3.65137494391304,3.62293896921149,3.84763434431825,3.89053279192774,3.92085349612126,3.34830486304816,3.35218251811136,3.34242268082221,3.60390183173167,3.71070956572434,3.62644302533129,3.78340328112256,3.88394519503428,4.20411998265592,4.06974207604164,4.20411998265592,4.20411998265592,3.70397882500839,3.95520653754194,4.03510940294458,4.20411998265592,3.37876117531637,4.20411998265592,4.09544832653812,3.97016084303731,3.95366306374709,4.17472833331189,4.12290364917332,4.20411998265592,4.17889065504891,4.11102715102617
AML-10,3.71130095991617,3.31154195840119,3.24477176149529,3.47842218774008,4.01724208454764,3.86177329671869,3.42094540592197,3.81690383937566,3.13161866434913,3.72965066833592,3.5854607295085,3.61119206086843,3.64127575723191,3.87186470208819,3.40891802084678,3.25935492730803,3.20924684875337,3.46819958607261,3.97854570046274,3.75959230864597,4.08077074684072,3.85672889038288,4.20411998265592,4.15152306756494,4.20411998265592,4.08618180464975,3.7790912038455,3.85883785142859,3.98461731323675,4.20411998265592,3.30578115125498,4.11680691596234,3.98000337158375,4.06918692515191,3.82184092720045,4.07003786660775,4.02645154573824,4.17128755065286,4.20411998265592,4.20411998265592
AML-11,3.59117595031179,2.8992731873176,3.004751155591,3.30384377488865,3.94220654227709,3.93323412871481,3.34576569311449,3.95206559018505,3.33885474625232,3.51094694867297,3.59494473669508,3.81224469680037,3.75404238678544,3.90993025975283,3.33885474625232,3.21642983087625,3.3220124385824,3.47596158919242,4.1310409316001,3.7105404479333,4.01249977753831,3.91121089313755,4.20411998265592,3.67879143436624,4.20411998265592,4.18904090790901,3.80767030123048,3.81009804068114,3.99830294009854,4.20411998265592,3.42942926438179,4.1603484607611,3.90611945754556,4.0076197745174,4.00710738297406,4.14423161809055,4.16088851614497,4.20411998265592,4.14044518834787,4.19021960771105
ALL-B-20,3.8318697742805,3.04453976039241,2.95375969173323,3.29292029960001,3.89663643052958,3.90628115577215,3.35659943572497,3.92649678927322,3.45651785780526,3.53109554687003,3.48187241031066,3.85703079827262,3.72361983551546,4.01565309853547,3.2692793897719,3.37748838337613,3.27531135454181,3.53630587235103,4.1559733447399,3.49359744900053,4.10102494035269,4.02395170742339,4.20411998265592,3.90466145791552,4.20411998265592,4.19351417502867,3.94655051056985,3.82968964089897,4.00928088425536,4.20411998265592,3.32076922833869,4.13627653566029,4.08314414314305,4.01749244647727,4.03570983782786,4.19997446253049,4.17385613898627,4.20411998265592,4.1936532249072,4.17614916112655
ALL-B-38,3.65321251377534,2.93550726582471,2.97589113640179,3.32097667734282,4.07357172830492,3.8573928109209,3.28780172993023,3.56014583984905,3.12904505988796,3.69600671521854,3.52659770910345,3.61373614126187,3.60766943668824,3.69940408181534,3.04218159451577,3.33041377334919,3.40363518979055,3.53970323894783,3.96712658107641,3.61542395288594,3.91597991414022,3.67531998333929,4.20411998265592,3.9478746548977,4.20411998265592,4.10748131891124,3.57275546515422,3.76170236754141,3.85266294434457,4.20411998265592,3.56655533088305,4.01598810538413,3.75807882224961,4.20411998265592,3.7670073639498,4.00238207493276,4.09943891555351,3.90832413927618,4.20411998265592,4.20411998265592
ALL-B-21,3.49276038902684,2.9106244048892,3.02857125269254,3.33122478102073,3.98209023929579,3.83657727484065,3.17114115102838,3.97963941222291,3.26078666865498,3.64581511829664,3.5842181121174,3.68520413447101,3.51785541893003,3.76752689940838,3.16967443405881,3.12872228433843,3.34183005692051,3.34419571587143,4.0338658673479,3.71908257390149,3.87633332908638,3.81271286676537,4.20411998265592,3.61363043492524,4.18545715740193,4.15754742557781,3.59681693591559,3.74052058605366,3.88439882555669,4.14454307427279,3.55436800099009,4.10503305039359,3.73655584716264,4.20158828107352,3.86225067459792,3.89503559745232,4.08529057823007,4.20411998265592,4.20411998265592,4.20411998265592
ALL-B-22,3.66341821225268,2.93094903116752,3.14519640611418,3.55218133883934,4.03494914667637,3.80352539557653,3.23299611039215,4.197032318918,3.28735377271475,3.68574173860226,3.44326298745869,3.55315454816963,3.71441359228712,3.68358731757277,3.463594402187,3.17782497186468,3.12904505988796,3.37657695705651,3.82962535335805,3.82923942814139,3.71281800020785,3.79975396641189,4.20411998265592,3.85345484136807,4.20411998265592,4.01460453343605,3.58035466110659,3.90281846808225,3.81551133736276,4.20411998265592,3.50160692241883,3.90944904698127,3.65292288756794,4.13010852036094,3.72082058177034,3.98985010960318,3.99449312288351,4.20411998265592,4.06186697213856,4.14643813528577
ALL-B-23,3.97547776316587,3.29092455938275,3.12188798510368,3.59406090127042,4.05288623525638,4.08735543005405,3.4798631130231,3.88315019968328,2.85369821177617,3.78361776519075,3.87256414309065,3.96260607292413,3.87719851527179,4.02102382203158,3.55954755558043,3.43568513794163,3.53857373380686,3.76492298464989,4.20411998265592,3.66558099101795,4.1709947020363,4.07939833901985,4.20411998265592,4.17591750651009,4.20411998265592,4.20411998265592,3.95477298968972,4.06197994707488,4.0321350468799,4.20411998265592,3.46089784275655,4.16259427444242,4.16539272676981,3.94904829231566,4.06292026373266,4.20411998265592,4.19136716573756,4.20411998265592,4.19295752988466,4.20411998265592
ALL-B-24,3.77604707118178,2.9795483747041,2.9731278535997,3.34242268082221,4.05269394192497,3.97561559796689,3.3055663135153,3.78096502960832,3.21031851982623,3.71248133780192,3.64473392744719,3.6520528482481,3.79148011602,4.01832594540292,3.17724783625562,3.20411998265592,3.33725953975028,3.59262082132198,3.92875420217665,3.62971533264713,4.0799767236326,3.90912794198926,4.20411998265592,3.89949219613813,4.20411998265592,4.20411998265592,3.83058866868514,3.9017851453036,3.97827184161063,4.20411998265592,3.49373680227684,3.99602982841108,3.87198135384337,4.07733156112899,3.87349498225617,4.1911434899549,4,4.00315883395086,4.20411998265592,4.20411998265592
ALL-B-25,3.97317405268297,3.08778141780954,2.90091306773767,3.41296427199666,4.09819362586329,3.94071565690666,3.3583156400822,3.77901897191487,3.37456506072276,3.64943222324162,3.79406958398163,3.91376088641232,3.85642677247024,3.9308981144101,3.2137832993353,3.18780263871842,3.32345836684947,3.5449357658815,4.06284511327705,3.58883172559421,4.06054675512617,4.12332886692635,4.20411998265592,3.96132615593471,4.12619636792053,4.20411998265592,3.80617997398389,4.04438294707354,3.80202075177198,4.20411998265592,3.33203427702752,3.7388598020722,3.7959494989028,3.90735760813117,3.98141084016589,4.08004896757885,4.08657336562057,3.95775091087728,4.20411998265592,4.20411998265592
ALL-B-26,3.57229060615142,2.7481880270062,2.75358305889291,3.02366391819779,3.77254173264094,3.67182056018325,3.16345955176999,4.05488105486277,2.96284268120124,3.16672605558005,3.56773196254807,3.61531865661148,3.81304696516011,3.56808433131539,3.01029995663981,3.24797326636181,3.11193427633268,3.34849957028384,4.18130038026682,3.29314148345093,3.82678723881629,3.56395546499581,4.17388524036879,3.81928064697248,4.18381059509813,4.20411998265592,3.63728954767817,3.59328606702046,3.7462448717202,4.20411998265592,3.34596154181314,3.95520653754194,3.91280639266129,4.1902476330382,3.76275356493337,4.12875457269069,4.16118825698226,4.20411998265592,4.20411998265592,4.20411998265592
ALL-B-27,3.76514679010802,2.8992731873176,2.95616843047536,3.31910605930978,3.88496519820073,3.82659305393405,3.42651126136457,4.17857410337993,3.2211533219547,3.49108141342319,3.48458452928284,3.68060742899179,3.94041686468166,4.03366496320318,3.41128291301738,3.09656243837414,3.39375064034808,3.5066403055665,3.94438395764084,3.78753131612723,3.86605092400927,3.85624540079005,4.20411998265592,3.93155956709081,3.99764845489621,4.18072784774451,3.81630759943194,3.82490647130211,3.75891189239797,4.15506261922392,3.43039759138697,4.08607495399553,3.71908257390149,4.05602775808636,3.72648269678483,4.00974825594855,3.95535095736766,4.20411998265592,4.18774626978046,4.13934375615237
ALL-B-28,3.75120209458835,2.96567197122011,3.02978947083186,3.32325210017169,3.96510758584906,3.73583833431707,3.18836592606315,4.05640932064992,3.40976410426635,3.66501782541247,3.69653111996961,4.0231701211214,3.53945249154946,3.90281846808225,3.35160307241913,3.34044411484012,3.31154195840119,3.59824319165362,4.04091865074852,3.61794343482897,4.08696457387705,4.09499490094461,4.20411998265592,3.90714253100314,4.19231650470274,4.20411998265592,3.77582881446461,3.92106189079028,4.02575631453441,4.20411998265592,3.34242268082221,3.91750550955255,3.96722025978297,3.95751151145448,3.95041353936938,4.05438320830548,4.15094055396548,4.20411998265592,4.14525857696561,4.20411998265592
ALL-B-29,3.90183959205123,2.95520653754194,3.07151380509509,3.34458874257871,4.0643831044122,4.02370504262204,3.48244479191827,4.16852694619269,3.48072537898849,3.54132957766669,3.77210156927701,3.91174337785593,3.79636615497752,3.93836959745181,3.30835094858673,3.36153897126928,3.46716396596909,3.54369563230924,4.14129296008159,3.64374868545953,4.12830231716435,4.05334739216927,4.20411998265592,3.92649678927322,4.20411998265592,4.20411998265592,3.79169064902012,3.85021724179839,3.98443729479608,4.20411998265592,3.30770992340481,4.18358299235102,4.00220927298801,3.93921963585482,4.04446136081066,4.17779613329222,4.20411998265592,4.20411998265592,4.14410697304932,4.17002689815112
AML-12,3.7900739484263,2.91381385238372,2.95182303531591,3.35468455395473,4.0068937079479,3.77894672796862,3.41027096425218,3.67209785793572,3.38309692994909,3.59173223895184,3.67632773388132,3.66294661433262,3.78490244988665,3.74640064449156,3.31238894937059,3.22530928172586,3.27044590801796,3.48671377598249,4.00060758706289,3.59372899870791,4.07682242334277,4.00264114900004,4.20411998265592,4.08721334123161,4.04933433597228,4.20411998265592,3.79726754083072,3.87529282537101,3.99791036734674,4.20411998265592,3.43822580760453,4.03482891565584,3.93115263852329,4.03646919891546,3.99519629159718,4.15054154137409,4.06471998444091,4.17580163284828,4.17713231704177,4.20172477011638
AML-13,4.06710806905957,3.09691001300806,3.07700432679335,3.753659647286,4.00440736417633,4.09454100145684,3.35468455395473,4.04048366420627,3.38183679999834,3.80848105656595,3.96374061885788,3.93966898352233,3.99025003292782,4.06751720190367,3.70560716340461,3.32510498297141,3.35005409357903,3.88649072517248,4.01540167370295,3.62613497863539,3.828337600059,4.12496045078954,4.20411998265592,3.95380799766531,4.01994668167884,4.18352607302172,3.88018455282643,4.20411998265592,3.90998369493984,4.20411998265592,3.4401216031878,4.20411998265592,3.77546480934574,3.88851646107494,4.16837961285277,4.0079183906456,4.1008528266573,4.20411998265592,4.16902750600893,3.96745436818274
AML-14,3.63508143601087,2.91750550955255,2.87098881376058,3.14457420760962,3.61225390609644,3.8621910310516,3.14736710779379,4.02909956682354,3.24278980947868,3.18639121569549,3.48925516836926,3.64708942871655,3.61468634228201,3.82118588260884,3.29928933408768,3.13513265137677,3.23879856271392,3.37032800777951,4.01123201031937,3.41796964221474,4.08746196617182,3.8555191556678,4.20411998265592,3.64493070791359,4.03084250282492,4.20411998265592,3.65513843481138,3.70423633730879,3.87949728724943,4.20411998265592,3.35372393758895,4.06141477827707,4.01674092728626,4.11106078206982,3.77026273817059,4.08912762904428,4.09534373187252,4.20411998265592,4.20411998265592,4.20322332529091
AML-15,3.70782556833223,2.82412583391655,2.77085201164214,3.16076856186113,3.78483117812447,3.89647110047928,3.38399478944173,4.01063911673663,3.31048089146267,3.48043814717782,3.64008373137312,3.62869538271402,3.66595602945396,3.69957759139891,3.24378191609379,3.08919836680515,2.96473092105363,3.37419825792908,3.97464983443872,3.59593690626917,4.20115122765526,3.90325281689396,4.0806264869218,3.69275881815472,3.81117269506655,4.20411998265592,3.77114634881498,3.87708325665065,3.9441370731581,4.15566998171981,3.40705081480425,3.98326535256654,3.78717699247055,4.09684052033139,3.931457870689,3.99334803992326,3.9604707775343,4.20411998265592,4.19520754950275,4.20411998265592
AML-16,4.20411998265592,3.03221570329798,3.12057393120585,3.60422605308447,4.09819362586329,4.12398223621146,3.64335396197686,4.12981874384893,3.75671216016477,3.91960102378411,4.01707509637606,3.87737134586977,3.98600993185326,4.1116321117086,3.55533632799527,3.39022836246913,3.45697301363582,3.86403618272577,4.20411998265592,3.82295224054748,4.20376697496057,4.16808479614068,4.19242805533121,4.18923758016683,4.20049482173865,4.20411998265592,4.19796936791617,4.20411998265592,4.10944354706435,4.20411998265592,3.04178731897175,4.19981000895381,4.20411998265592,3.81822589361396,4.17067234031558,4.16253453654936,4.18943416340103,4.20411998265592,4.0547279320822,4.16196661636407
ALL-B-30,4.20411998265592,2.96331551138611,2.48000694295715,3.18041263283832,3.94448267215017,3.28891960566173,3.32014628611105,4.01740900853621,2.99078269180314,3.38542751480513,3.70859084515034,3.9297764328049,3.71239713140671,3.76425087543877,3.26363606858811,3.57737689191701,3.15986784709257,3.2895889525426,3.92345126963965,3.26646689544024,4.20411998265592,4.20411998265592,2.93851972517649,4.12031064263646,3.99620510617832,2.8555191556678,4.11587666426844,4.07634911749346,4.12280546284744,3.06483221973857,3.38219721037745,3.83708315082319,4.10370111958951,3.29468662427944,4.20411998265592,3.76004532796581,4.1217895688593,3.3023309286844,3.40105572577184,3.48713837547719
ALL-B-31,3.77099920516394,3.03502928220237,2.74663419893758,3.2405492482826,3.96515464598693,3.88041339987792,3.11826472608948,4.20411998265592,3.11293997608408,3.48158593636762,3.50392680419351,3.48981790830145,3.63798978078469,3.64414305050992,3.2137832993353,2.98497712641549,2.97589113640179,3.08314414314305,4.0166573448222,3.53224464362658,3.88907749265006,3.73798732633343,3.88064212640428,3.80078579032776,4.20411998265592,3.87926795682461,3.75541746281094,3.96180063919168,3.88354787926804,4.20411998265592,3.30319605742049,3.94185912652537,3.96866970172039,4.11347539853674,3.81497968376076,4.11534419587144,4.04883008652835,4.20411998265592,4.20411998265592,4.20411998265592
AML-17,3.75273969393533,3.03502928220237,3.01494034979294,3.36285930295868,3.94645226501307,3.80345711564841,3.16405529189345,3.32817566143832,3.20655604409903,3.67851837904011,3.64561873824269,3.59439255037543,3.51995918075207,3.73158876518674,3.36810085170935,2.95230800966212,3.30016053695135,3.53147891704225,3.93545688071161,3.62459145912685,3.97904732694796,3.72320931040511,4.20411998265592,3.81097139982221,4.20411998265592,4.16163748070459,3.65436909097529,3.83979218444533,3.90558002823524,4.20411998265592,3.51969676715985,3.76752689940838,3.83714634390906,3.91886874338098,3.78788535094092,3.81941231120932,4.08264177815713,3.61087300038005,4.20411998265592,4.20411998265592
AML-18,3.78582791999587,2.95279244304409,3.02857125269254,3.29490691060519,3.83935232889542,3.97155415344606,3.25671774597749,4.02824581657247,3.47842218774008,3.62107237114363,3.78532983501077,4.0015173768235,3.70893053580662,3.89231726072248,3.36248247475117,3.27207378750001,3.4345689040342,3.49122157623928,4.08941051098354,3.67182056018325,4.06926098628475,4.01506621401115,4.20411998265592,3.93333541007765,4.1370057764291,4.1784877310474,3.79295170825013,3.91354895790652,3.91179659043725,4.20411998265592,3.42716140292597,4.08986980150955,3.94748273655692,3.92345126963965,4.00586660187538,4.07968762761134,4.13713247600899,4.20411998265592,4.14650012864565,4.19242805533121
ALL-B-32,3.85150295277054,2.88024177589548,2.88592633980143,3.2513948500401,3.89253980465864,3.86033800657099,3.13798673272353,4.10778638431595,3.11260500153457,3.43917473984347,3.68250608593901,3.62044838471171,3.61836193110988,3.92567299392124,3.29424571613812,3.24772783290972,3.20520436394814,3.4679039465228,3.95482118305179,3.57147590368194,3.83397537127991,3.86522245629018,4.03858042596158,3.79844346035019,4.19553989654932,4.20411998265592,3.79316152924555,3.91328390176042,3.985426474083,4.20411998265592,3.29314148345093,4.03334332313522,4.04111622796948,4.06265718022556,3.93013364584112,4.20411998265592,4.18979901063983,4.20411998265592,4.20411998265592,4.20093253589919
AML-19,3.86468903413685,2.92531209149965,2.78461729263288,3.25358028956218,3.68268647824977,3.70199947488964,3.35449260058944,4.17854531451101,3.28891960566173,3.46982201597816,3.50174372962799,3.58624963886604,4.00363283700441,3.82301752344605,3.37032800777951,3.18269990333604,3.33264041038746,3.4456042032736,4.0456749667691,3.47871075551276,4.04265425316779,3.88519154060685,4.20411998265592,4.0579702317107,4.20411998265592,4.17440873207312,3.76671020726226,3.79105874359183,3.89779198193922,4.20411998265592,3.41161970596323,4.04921802267018,3.87511916546257,3.96590691549519,3.89691184082602,4.04688519083771,4.08696457387705,4.20411998265592,4.13059105196337,4.18471981515027
AML-20,3.78333176288742,2.73078227566639,3.00774777800074,3.26904570965762,3.89448221501009,3.64384731029971,3.28420506770179,3.82321331328267,3.23019337886905,3.44839710345777,3.48129927333286,3.62490060220449,3.53643217582201,3.79809793206249,3.19089171692217,2.99166900737995,3.17201880942456,3.23375736296551,3.94354397715345,3.10822665637493,4.01911629044707,3.90036712865647,4.19997446253049,3.46805179145424,4.08429022853693,4.1867021225651,3.80915553174718,3.8850217948623,3.47450763911698,4.20411998265592,3.52981519664463,3.35179630689702,3.92685670894969,4.07243372596839,3.6954816764902,3.99943504987633,3.98904915643822,4.20411998265592,4.20411998265592,4.20411998265592
AML-21,3.71096311899528,2.959518376973,2.84260923961056,3.34674405460485,3.7989267385772,3.8998205024271,3.19948091486236,3.90859223884757,3.35812528527665,3.5705429398819,3.75281643118827,3.92880537089328,3.7061201097027,4.01607181673402,3.43023635341151,3.34163233577805,3.21774707326279,3.56525734342021,4.07968762761134,3.69152352216815,4.01924095039585,4.09328156756724,4.20411998265592,3.73271534034999,4.07448730498569,4.20411998265592,3.97644168937884,3.96123119704466,3.98922727373054,4.20411998265592,3.56442932699798,4.10061175283379,3.91829251275536,3.95458016274376,4.0011710149414,4.13586381379987,4.0068937079479,4.20411998265592,4.14426277376199,4.20411998265592
AML-22,3.60552052343747,2.81358098856819,2.91222205653242,3.29797924415936,3.65657729139611,3.61898892036493,3.04257551244019,3.89047690896017,3.24004977211265,3.51134851549021,3.51772359483373,3.67696781429476,3.33324569896196,3.83340212923186,3.24846371755103,3.18012587516405,3.08314414314305,3.4119562379304,3.937668314399,3.57611089412084,3.78189891935115,3.96104121695331,4.01961471569142,3.7444494574468,3.89542254603941,4.15911582182777,3.64058080648965,3.84041977773649,3.87040390527903,4.12671570368574,3.52582195215666,3.96023287312851,3.82393045512556,4.05495759601241,3.8493579816613,3.96070855168856,3.95400116768157,4.17773845040172,4.20411998265592,4.20411998265592
AML-23,3.68295692630121,3.16435285578444,2.87737134586977,3.61193562504012,3.89899927088979,3.96936931173353,3.31238894937059,4.20411998265592,3.26505378850401,3.70389295363254,3.5669086552268,3.80263691808281,3.79112900072729,3.83352958175864,3.28645646974698,3.2496874278053,3.33605927786635,3.48058178682917,3.96203768656501,3.56253076886226,3.76922958173659,3.84843545533147,4.20411998265592,4.08235445133097,4.17277801465585,4.1797528068975,3.75845768861047,3.82575058134803,3.92767826413799,4.20411998265592,3.50419891853944,4.20411998265592,3.82930377283102,4.05857784913322,3.78024528386535,3.87725613311359,3.84404204204102,4.20411998265592,4.20411998265592,4.20411998265592
AML-24,3.73391915101239,3.04688519083771,2.9670797341445,3.65867902858245,4.03638932866569,4.01982222416777,3.24328614608345,4.13325141247232,3.33745926129066,3.58263143948964,3.66903780088516,3.89916364147722,3.61531865661148,3.77517338542479,3.42275394130135,3.43376983392487,3.36398782974849,3.56169753265399,4.07965147707384,3.67696781429476,3.77568324902604,3.94086497596672,4.20411998265592,3.9570802596579,4.17397253281796,4.20411998265592,3.83828224991469,3.89215027790136,3.96454246607914,4.20411998265592,3.17493159352844,4.17788264326532,4.05960127976275,4.0097907193543,3.92992956008459,4.1936532249072,4.10734566547209,4.20411998265592,4.20411998265592,4.20411998265592
AML-25,3.87384353322344,3.06445798922692,2.98091193777684,3.46119828862249,4.02946494663824,4.1469028699282,3.08955188288645,4.05319372760087,3.3911116137028,3.52283531366053,3.6036855496147,3.71138537909845,3.47450763911698,3.59659709562646,3.55533632799527,3.40466270087372,3.11427729656159,3.55557807277295,3.77966862720715,3.67476931401543,3.72509452108147,4.04855832489848,4.04859715840161,3.90928852416225,4.11750329942923,4.20411998265592,3.79733680077535,4.04087912451579,4.09614498129434,4.20411998265592,3.53237213356788,4.03905701803344,3.91829251275536,4.00177696707744,3.97099736557248,4.20411998265592,4.11786762656602,4.20411998265592,4.20411998265592,4.20411998265592
ALL-T-9,4.00915333190771,2.95424250943932,2.90091306773767,3.41497334797082,3.97790642763712,3.96726709155979,3.08457627793433,4.0231289460105,3.30941722577814,3.7670073639498,3.77626521826811,3.80929030117632,3.64796945836297,4.04575314759414,3.37419825792908,3.19423674872383,3.33324569896196,3.70739983113325,4.02246961276777,3.67915524128335,4.06160324960837,4.12515582958053,4.20411998265592,3.73957234445009,4.20411998265592,4.20411998265592,3.93726707221141,4.13586381379987,4.03977092693158,4.20411998265592,3.36135002435227,3.94792361983173,4.02612451674545,3.97547776316587,3.96236933567002,4.20411998265592,4.17073096933786,4.20411998265592,4.14173189476714,4.20411998265592
ALL-B-33,3.89231726072248,2.88761730033574,2.56110138364906,3.45984464238821,3.99400903312361,3.84029433161144,3.20384846374623,3.97104379183603,3.26646689544024,3.19005141775921,3.69722934275972,3.71966268301805,3.63174807439657,3.77107278322119,3.15411952551585,3.31026836663245,3.28307497473547,3.50078517291746,3.98163742465577,3.34084054981233,3.90265547521793,3.99817212193944,3.9630318750539,3.86111604416139,3.95216257421446,4.20411998265592,3.89287340688877,3.87343686322204,3.7718813201901,4.20411998265592,3.26292546933183,3.95511023097055,4.01828430842653,4.19125534224627,3.9605659028182,4.20411998265592,4.15268575603679,4.20411998265592,4.20411998265592,4.20411998265592
ALL-B-34,3.77597433112937,3.10002573010786,2.91009054559407,3.53781909507327,4.01761757333967,4.0746336182969,3.31238894937059,4.13155450976124,3.29972515397564,3.66614342729156,3.72843495097425,3.90336133625532,3.87610232137779,4.04750850559401,3.33000770087276,3.43328968519503,3.35430056234536,3.48529543872609,4.12557884900218,3.69240623483363,3.96609477944617,4.00513759590886,4.20411998265592,3.87133938109986,4.12394959108183,4.20411998265592,3.98587535730839,3.9677819080758,4,4.20411998265592,3.28981183911762,4.20411998265592,4.01169728811414,3.94299959336604,3.91195618907269,4.11557723112852,3.97900174847472,4.20411998265592,4.19108755300455,4.19340290306242
ALL-B-35,3.51321760006794,2.88366143515362,2.94694327069783,3.4491697321652,4.12466721769861,3.84041977773649,3.34163233577805,4.00620924053766,3.20248831706009,3.65523450703429,3.55906833403454,3.7488080049586,3.76893394218678,3.96501345027225,3.23829706787539,3.41697317260304,3.2380461031288,3.41246054742996,4.06318318796758,3.67080228426094,3.82981818743888,3.85418454383361,4.20411998265592,3.84060787900929,4.08357427967399,4.18721039965005,3.71491624799358,3.80318388853534,3.96080362491177,4.13773379475371,3.56074330105471,4.18678687673325,3.85961857877218,4.1226745132062,3.80962704189405,4.20411998265592,4.01669913806497,4.20411998265592,4.20411998265592,4.20411998265592
ALL-B-36,3.57030938543588,2.98900461569854,2.8926510338773,3.5388249889379,4.0855046394265,3.92033207153959,3.1296898921993,4.01590437789555,3.35314654621398,3.67357379642305,3.66266340957404,3.81036695368162,3.81318053258601,3.87627558867788,3.36361197989214,3.26810972980848,3.3384564936046,3.64226661890267,3.9693227061122,3.73511963408187,3.89619541045421,3.95124035032434,4.20411998265592,3.87540856007706,4.15250238046113,4.20411998265592,3.7967130632809,3.83110156450136,4.05967699358476,4.20411998265592,3.44870631990508,4.17843013994774,3.82516637225655,4.02534683450983,3.918764031028,4.1601382577234,4.06468256622851,4.20411998265592,4.16357876518877,4.07623981977502
ALL-B-37,3.7106250150608,3.01367969729119,3.02775720469055,3.58410497039945,3.9532763366673,3.95861165776488,3.10105935490812,4.08962255158434,3.10890312766731,3.72443972339707,3.66829271044822,3.90601162527141,3.72427586960079,3.88879706745668,3.51000851294023,3.29047981333067,3.09795107099415,3.52309583825257,3.91089108864453,3.8264635490928,3.80386663428498,4.05602775808636,4.20411998265592,3.66782637895071,4.05948768427445,4.19777661127139,3.96487220863777,3.99016119289848,4.03602973065654,4.20411998265592,3.39915433395822,3.94398887507377,3.88138465677057,3.9982593384237,3.84534613741141,4.1152775913959,4.03253817926001,4.20411998265592,4.19083574753207,4.20411998265592
